"id","name","intro","link","price","cover","icon","swipe","details","off","recommend","time"
3,"3POPMART泡泡玛特 Dimoo迷途动物系列盲盒公仔娃娃","POPMART泡泡玛特 Dimoo迷途动物系列盲盒公仔娃娃POPMART泡泡玛特 Dimoo迷途动物系列盲盒公仔娃娃","http://www.baidu.com",5900,"3.jpg",,"1-01.png,1-02.png,1-03.png,1-04.png,1-05.png","details1-01.png,details1-02.png,details1-03.jpg,details1-04.png",FALSE,0,"2020-04-16 11:18:28+08"
4,"4POPMART泡泡玛特 Dimoo迷途动物系列盲盒公仔娃娃","POPMART泡泡玛特 Dimoo迷途动物系列盲盒公仔娃娃POPMART泡泡玛特 Dimoo迷途动物系列盲盒公仔娃娃","http://www.baidu.com",5900,"4.png",,"1-01.png,1-02.png,1-03.png,1-04.png,1-05.png","details1-01.png,details1-02.png,details1-03.jpg,details1-04.png",FALSE,0,"2020-04-16 11:18:28+08"
5,"5POPMART泡泡玛特 Dimoo迷途动物系列盲盒公仔娃娃","POPMART泡泡玛特 Dimoo迷途动物系列盲盒公仔娃娃POPMART泡泡玛特 Dimoo迷途动物系列盲盒公仔娃娃","http://www.baidu.com",5900,"5.jpg",,"1-01.png,1-02.png,1-03.png,1-04.png,1-05.png","details1-01.png,details1-02.png,details1-03.jpg,details1-04.png",FALSE,0,"2020-04-16 11:18:28+08"
6,"6POPMART泡泡玛特 Dimoo迷途动物系列盲盒公仔娃娃","POPMART泡泡玛特 Dimoo迷途动物系列盲盒公仔娃娃POPMART泡泡玛特 Dimoo迷途动物系列盲盒公仔娃娃","http://www.baidu.com",5900,"6.jpg",,"1-01.png,1-02.png,1-03.png,1-04.png,1-05.png","details1-01.png,details1-02.png,details1-03.jpg,details1-04.png",FALSE,0,"2020-04-16 11:18:28+08"
7,"7POPMART泡泡玛特 Dimoo迷途动物系列盲盒公仔娃娃","POPMART泡泡玛特 Dimoo迷途动物系列盲盒公仔娃娃POPMART泡泡玛特 Dimoo迷途动物系列盲盒公仔娃娃","http://www.baidu.com",5900,"7.jpg",,"1-01.png,1-02.png,1-03.png,1-04.png,1-05.png","details1-01.png,details1-02.png,details1-03.jpg,details1-04.png",FALSE,0,"2020-04-16 11:18:28+08"
8,"8POPMART泡泡玛特 Dimoo迷途动物系列盲盒公仔娃娃","POPMART泡泡玛特 Dimoo迷途动物系列盲盒公仔娃娃POPMART泡泡玛特 Dimoo迷途动物系列盲盒公仔娃娃","http://www.baidu.com",5900,"8.jpg",,"1-01.png,1-02.png,1-03.png,1-04.png,1-05.png","details1-01.png,details1-02.png,details1-03.jpg,details1-04.png",FALSE,0,"2020-04-16 11:18:28+08"
9,"9POPMART泡泡玛特 Dimoo迷途动物系列盲盒公仔娃娃","POPMART泡泡玛特 Dimoo迷途动物系列盲盒公仔娃娃POPMART泡泡玛特 Dimoo迷途动物系列盲盒公仔娃娃","http://www.baidu.com",5900,"9.jpg",,"1-01.png,1-02.png,1-03.png,1-04.png,1-05.png","details1-01.png,details1-02.png,details1-03.jpg,details1-04.png",FALSE,0,"2020-04-16 11:18:28+08"
10,"10POPMART泡泡玛特 Dimoo迷途动物系列盲盒公仔娃娃","POPMART泡泡玛特 Dimoo迷途动物系列盲盒公仔娃娃POPMART泡泡玛特 Dimoo迷途动物系列盲盒公仔娃娃","http://www.baidu.com",5900,"10.jpg",,"1-01.png,1-02.png,1-03.png,1-04.png,1-05.png","details1-01.png,details1-02.png,details1-03.jpg,details1-04.png",FALSE,0,"2020-04-16 11:18:28+08"
11,"11POPMART泡泡玛特 Dimoo迷途动物系列盲盒公仔娃娃","POPMART泡泡玛特 Dimoo迷途动物系列盲盒公仔娃娃POPMART泡泡玛特 Dimoo迷途动物系列盲盒公仔娃娃","http://www.baidu.com",5900,"11.jpg",,"1-01.png,1-02.png,1-03.png,1-04.png,1-05.png","details1-01.png,details1-02.png,details1-03.jpg,details1-04.png",FALSE,0,"2020-04-16 11:18:28+08"
12,"12POPMART泡泡玛特 Dimoo迷途动物系列盲盒公仔娃娃","POPMART泡泡玛特 Dimoo迷途动物系列盲盒公仔娃娃POPMART泡泡玛特 Dimoo迷途动物系列盲盒公仔娃娃","http://www.baidu.com",5900,"12.jpg",,"1-01.png,1-02.png,1-03.png,1-04.png,1-05.png","details1-01.png,details1-02.png,details1-03.jpg,details1-04.png",FALSE,0,"2020-04-16 11:18:28+08"
13,"13POPMART泡泡玛特 Dimoo迷途动物系列盲盒公仔娃娃","POPMART泡泡玛特 Dimoo迷途动物系列盲盒公仔娃娃POPMART泡泡玛特 Dimoo迷途动物系列盲盒公仔娃娃","http://www.baidu.com",5900,"13.jpg",,"1-01.png,1-02.png,1-03.png,1-04.png,1-05.png","details1-01.png,details1-02.png,details1-03.jpg,details1-04.png",FALSE,0,"2020-04-16 11:18:28+08"
17,"17","POPMART泡泡玛特 Dimoo迷途动物系列盲盒公仔娃娃POPMART泡泡玛特 Dimoo迷途动物系列盲盒公仔娃娃","http://www.baidu.com",5900,"5.jpg",,"1-01.png,1-02.png,1-03.png,1-04.png,1-05.png","details1-01.png,details1-02.png,details1-03.jpg,details1-04.png",FALSE,0,"2020-04-16 11:42:33+08"
16,"16","POPMART泡泡玛特 Dimoo迷途动物系列盲盒公仔娃娃POPMART泡泡玛特 Dimoo迷途动物系列盲盒公仔娃娃","http://www.baidu.com",5900,"4.png",,"1-01.png,1-02.png,1-03.png,1-04.png,1-05.png","details1-01.png,details1-02.png,details1-03.jpg,details1-04.png",FALSE,0,"2020-04-16 11:42:33+08"
2,"2POPMART泡泡玛特 Dimoo迷途动物系列盲盒公仔娃娃","泡泡玛特 Dimoo迷途动物系列盲盒公仔娃娃POPMART泡泡玛特 Dimoo迷途动物系列盲盒公仔娃娃","http://www.baidu.com",5900,"2.jpg",,"1-01.png,1-02.png,1-03.png,1-04.png,1-05.png","details1-01.png,details1-02.png,details1-03.jpg,details1-04.png",FALSE,0,"2020-04-16 11:18:28+08"
24,"24","POPMART泡泡玛特 Dimoo迷途动物系列盲盒公仔娃娃POPMART泡泡玛特 Dimoo迷途动物系列盲盒公仔娃娃","http://www.baidu.com",5900,"12.jpg",,"1-01.png,1-02.png,1-03.png,1-04.png,1-05.png","details1-01.png,details1-02.png,details1-03.jpg,details1-04.png",FALSE,0,"2020-04-16 11:42:33+08"
34,"34","POPMART泡泡玛特 Dimoo迷途动物系列盲盒公仔娃娃POPMART泡泡玛特 Dimoo迷途动物系列盲盒公仔娃娃","http://www.baidu.com",5900,"10.jpg",,"1-01.png,1-02.png,1-03.png,1-04.png,1-05.png","details1-01.png,details1-02.png,details1-03.jpg,details1-04.png",FALSE,0,"2020-04-16 11:44:36+08"
20,"20","POPMART泡泡玛特 Dimoo迷途动物系列盲盒公仔娃娃POPMART泡泡玛特 Dimoo迷途动物系列盲盒公仔娃娃","http://www.baidu.com",5900,"8.jpg",,"1-01.png,1-02.png,1-03.png,1-04.png,1-05.png","details1-01.png,details1-02.png,details1-03.jpg,details1-04.png",FALSE,0,"2020-04-16 11:42:33+08"
30,"30","POPMART泡泡玛特 Dimoo迷途动物系列盲盒公仔娃娃POPMART泡泡玛特 Dimoo迷途动物系列盲盒公仔娃娃","http://www.baidu.com",5900,"6.jpg",,"1-01.png,1-02.png,1-03.png,1-04.png,1-05.png","details1-01.png,details1-02.png,details1-03.jpg,details1-04.png",FALSE,0,"2020-04-16 11:44:36+08"
27,"27","POPMART泡泡玛特 Dimoo迷途动物系列盲盒公仔娃娃POPMART泡泡玛特 Dimoo迷途动物系列盲盒公仔娃娃","http://www.baidu.com",5900,"3.jpg",,"1-01.png,1-02.png,1-03.png,1-04.png,1-05.png","details1-01.png,details1-02.png,details1-03.jpg,details1-04.png",FALSE,0,"2020-04-16 11:44:36+08"
37,"37","POPMART泡泡玛特 Dimoo迷途动物系列盲盒公仔娃娃POPMART泡泡玛特 Dimoo迷途动物系列盲盒公仔娃娃","http://www.baidu.com",5900,"13.jpg",,"1-01.png,1-02.png,1-03.png,1-04.png,1-05.png","details1-01.png,details1-02.png,details1-03.jpg,details1-04.png",FALSE,0,"2020-04-16 11:44:36+08"
23,"23","POPMART泡泡玛特 Dimoo迷途动物系列盲盒公仔娃娃POPMART泡泡玛特 Dimoo迷途动物系列盲盒公仔娃娃","http://www.baidu.com",5900,"11.jpg",,"1-01.png,1-02.png,1-03.png,1-04.png,1-05.png","details1-01.png,details1-02.png,details1-03.jpg,details1-04.png",FALSE,0,"2020-04-16 11:42:33+08"
33,"33","POPMART泡泡玛特 Dimoo迷途动物系列盲盒公仔娃娃POPMART泡泡玛特 Dimoo迷途动物系列盲盒公仔娃娃","http://www.baidu.com",5900,"9.jpg",,"1-01.png,1-02.png,1-03.png,1-04.png,1-05.png","details1-01.png,details1-02.png,details1-03.jpg,details1-04.png",FALSE,0,"2020-04-16 11:44:36+08"
26,"26","POPMART泡泡玛特 Dimoo迷途动物系列盲盒公仔娃娃POPMART泡泡玛特 Dimoo迷途动物系列盲盒公仔娃娃","http://www.baidu.com",5900,"2.jpg",,"1-01.png,1-02.png,1-03.png,1-04.png,1-05.png","details1-01.png,details1-02.png,details1-03.jpg,details1-04.png",FALSE,0,"2020-04-16 11:44:36+08"
36,"36","POPMART泡泡玛特 Dimoo迷途动物系列盲盒公仔娃娃POPMART泡泡玛特 Dimoo迷途动物系列盲盒公仔娃娃","http://www.baidu.com",5900,"12.jpg",,"1-01.png,1-02.png,1-03.png,1-04.png,1-05.png","details1-01.png,details1-02.png,details1-03.jpg,details1-04.png",FALSE,0,"2020-04-16 11:44:36+08"
22,"22","POPMART泡泡玛特 Dimoo迷途动物系列盲盒公仔娃娃POPMART泡泡玛特 Dimoo迷途动物系列盲盒公仔娃娃","http://www.baidu.com",5900,"10.jpg",,"1-01.png,1-02.png,1-03.png,1-04.png,1-05.png","details1-01.png,details1-02.png,details1-03.jpg,details1-04.png",FALSE,0,"2020-04-16 11:42:33+08"
32,"32","POPMART泡泡玛特 Dimoo迷途动物系列盲盒公仔娃娃POPMART泡泡玛特 Dimoo迷途动物系列盲盒公仔娃娃","http://www.baidu.com",5900,"8.jpg",,"1-01.png,1-02.png,1-03.png,1-04.png,1-05.png","details1-01.png,details1-02.png,details1-03.jpg,details1-04.png",FALSE,0,"2020-04-16 11:44:36+08"
19,"19","POPMART泡泡玛特 Dimoo迷途动物系列盲盒公仔娃娃POPMART泡泡玛特 Dimoo迷途动物系列盲盒公仔娃娃","http://www.baidu.com",5900,"7.jpg",,"1-01.png,1-02.png,1-03.png,1-04.png,1-05.png","details1-01.png,details1-02.png,details1-03.jpg,details1-04.png",FALSE,0,"2020-04-16 11:42:33+08"
29,"29","POPMART泡泡玛特 Dimoo迷途动物系列盲盒公仔娃娃POPMART泡泡玛特 Dimoo迷途动物系列盲盒公仔娃娃","http://www.baidu.com",5900,"5.jpg",,"1-01.png,1-02.png,1-03.png,1-04.png,1-05.png","details1-01.png,details1-02.png,details1-03.jpg,details1-04.png",FALSE,0,"2020-04-16 11:44:36+08"
35,"35","POPMART泡泡玛特 Dimoo迷途动物系列盲盒公仔娃娃POPMART泡泡玛特 Dimoo迷途动物系列盲盒公仔娃娃","http://www.baidu.com",5900,"11.jpg",,"1-01.png,1-02.png,1-03.png,1-04.png,1-05.png","details1-01.png,details1-02.png,details1-03.jpg,details1-04.png",FALSE,0,"2020-04-16 11:44:36+08"
1,"MaskerMomo","goco MaskerMomo忙和盲盒一套全套超值 少女心学生手办福袋抖音","http://www.baidu.com",5900,"1.jpg",,"111.jpg,仙境1.jpg,仙境2.jpg,仙境4.jpg,仙境6.jpg","details1-04.png",FALSE,1,"2020-04-16 11:16:40+08"
15,"15","POPMART泡泡玛特 Dimoo迷途动物系列盲盒公仔娃娃POPMART泡泡玛特 Dimoo迷途动物系列盲盒公仔娃娃","http://www.baidu.com",5900,"3.jpg",,"1-01.png,1-02.png,1-03.png,1-04.png,1-05.png","details1-01.png,details1-02.png,details1-03.jpg,details1-04.png",FALSE,0,"2020-04-16 11:42:33+08"
25,"25","POPMART泡泡玛特 Dimoo迷途动物系列盲盒公仔娃娃POPMART泡泡玛特 Dimoo迷途动物系列盲盒公仔娃娃","http://www.baidu.com",5900,"13.jpg",,"1-01.png,1-02.png,1-03.png,1-04.png,1-05.png","details1-01.png,details1-02.png,details1-03.jpg,details1-04.png",FALSE,0,"2020-04-16 11:42:33+08"
21,"21","POPMART泡泡玛特 Dimoo迷途动物系列盲盒公仔娃娃POPMART泡泡玛特 Dimoo迷途动物系列盲盒公仔娃娃","http://www.baidu.com",5900,"9.jpg",,"1-01.png,1-02.png,1-03.png,1-04.png,1-05.png","details1-01.png,details1-02.png,details1-03.jpg,details1-04.png",FALSE,0,"2020-04-16 11:42:33+08"
31,"31","POPMART泡泡玛特 Dimoo迷途动物系列盲盒公仔娃娃POPMART泡泡玛特 Dimoo迷途动物系列盲盒公仔娃娃","http://www.baidu.com",5900,"7.jpg",,"1-01.png,1-02.png,1-03.png,1-04.png,1-05.png","details1-01.png,details1-02.png,details1-03.jpg,details1-04.png",FALSE,0,"2020-04-16 11:44:36+08"
18,"18","POPMART泡泡玛特 Dimoo迷途动物系列盲盒公仔娃娃POPMART泡泡玛特 Dimoo迷途动物系列盲盒公仔娃娃","http://www.baidu.com",5900,"6.jpg",,"1-01.png,1-02.png,1-03.png,1-04.png,1-05.png","details1-01.png,details1-02.png,details1-03.jpg,details1-04.png",FALSE,0,"2020-04-16 11:42:33+08"
28,"28","POPMART泡泡玛特 Dimoo迷途动物系列盲盒公仔娃娃POPMART泡泡玛特 Dimoo迷途动物系列盲盒公仔娃娃","http://www.baidu.com",5900,"4.png",,"1-01.png,1-02.png,1-03.png,1-04.png,1-05.png","details1-01.png,details1-02.png,details1-03.jpg,details1-04.png",FALSE,0,"2020-04-16 11:44:36+08"
14,"14","POPMART泡泡玛特 Dimoo迷途动物系列盲盒公仔娃娃POPMART泡泡玛特 Dimoo迷途动物系列盲盒公仔娃娃","http://www.baidu.com",5900,"2.jpg",,"1-01.png,1-02.png,1-03.png,1-04.png,1-05.png","details1-01.png,details1-02.png,details1-03.jpg,details1-04.png",FALSE,0,"2020-04-16 11:42:33+08"
